collection_id,id
10,11
137697,12
498,16
252313,21
295,22
2883,24
285564,25
139450,30
295,58
4438,62
123800,76
422837,78
123800,80
86113,83
84,85
84,87
86058,88
84,89
85861,90
85861,96
63043,97
264,105
399,106
131,108
131,109
131,110
119,120
119,121
119,122
141290,123
221539,138
178106,141
498,145
290973,146
185682,147
93295,150
151,152
151,154
263,155
151,157
304,161
304,163
264,165
41649,166
151,168
399,169
1565,170
41649,171
151,172
151,174
656,176
135179,187
135179,189
115570,193
264,196
115570,199
115570,200
115570,201
656,214
656,215
84,217
528,218
457305,224
457305,225
218406,229
230,238
230,240
230,242
135495,244
95891,250
645,253
185682,255
185682,256
185682,258
185682,259
120794,268
263,272
9743,274
2326,277
528,280
295,285
528,296
304,298
85861,306
256729,307
124949,310
328,329
328,330
328,331
237445,332
344936,344
8091,348
120794,364
8581,377
48317,391
2883,393
115762,395
86336,402
420,411
120794,414
120794,415
8354,425
48317,429
432,431
432,437
432,438
115762,440
498,452
456,457
456,458
456,459
495,479
495,482
495,493
495,494
7505,513
112636,525
300546,527
529,530
529,531
529,532
529,533
528,534
119674,539
372257,551
1952,553
556,557
556,558
556,559
437628,561
1570,562
10522,563
1733,564
14563,565
2366,578
2366,579
2366,580
9485,584
137696,585
64748,588
115776,591
304378,602
2344,603
2344,604
2344,605
86055,607
86055,608
10453,609
33059,617
2980,620
86083,621
424202,627
217704,628
8936,634
645,646
140760,647
645,657
645,658
645,660
295862,661
656,663
645,667
645,668
4563,670
1241,671
1241,672
1241,673
1241,674
1241,675
404148,677
8091,679
645,681
645,682
404148,685
645,691
51509,693
645,698
645,699
645,700
645,707
645,708
645,709
645,710
645,714
10924,755
55427,756
1960,764
1960,765
1960,766
1241,767
9888,771
9888,772
10919,794
52789,796
264338,805
2150,808
2150,809
2150,810
86027,812
91663,813
1006,816
1006,817
1006,818
359005,829
2326,834
124950,838
287016,843
287016,844
19387,846
201873,850
43072,854
151263,860
10194,862
10194,863
1709,871
351684,888
351684,889
158391,896
158391,897
87118,920
261590,923
89151,927
89151,928
937,936
48317,938
945,941
945,942
945,943
945,944
91361,948
8354,950
397444,951
14740,953
87359,954
87359,955
87359,956
110021,966
10456,984
387219,990
262011,993
155474,1051
479888,1091
115838,1103
1575,1246
9743,1248
90306,1250
261382,1251
124881,1266
103372,1268
68589,1269
125570,1271
103372,1281
2248,1283
2248,1284
2248,1285
86105,1359
141290,1361
141290,1362
1575,1366
1575,1367
5039,1368
5039,1369
5039,1370
1575,1371
1575,1374
1575,1375
8385,1379
150156,1406
9649,1428
8537,1452
476066,1483
17235,1487
93220,1493
1582,1497
1582,1498
1582,1499
109076,1547
239766,1555
1565,1562
1570,1571
1570,1572
1570,1573
17255,1576
17255,1577
478442,1583
430186,1588
85943,1593
937,1594
51509,1597
1617,1615
1617,1616
390096,1620
9328,1634
43064,1637
43064,1639
328073,1642
91746,1648
91746,1649
265709,1652
124492,1654
1657,1656
192492,1669
374509,1678
374509,1679
374509,1680
374509,1682
1709,1685
1709,1687
1709,1688
86578,1690
86578,1691
98036,1694
105625,1696
8412,1698
1709,1705
131292,1726
1733,1734
1733,1735
131295,1771
161314,1803
259398,1811
239766,1826
138908,1845
8650,1858
295,1865
103001,1870
103001,1871
103001,1875
133830,1884
8580,1885
10,1891
10,1892
10,1893
10,1894
10,1895
8537,1924
125574,1930
160727,1931
64751,1948
1952,1951
52749,1954
1974,1970
1974,1975
1974,1977
9744,1979
278467,1987
339577,1991
339577,1992
2467,1995
2467,1996
103573,2005
412680,2019
123251,2038
142680,2043
52984,2059
203910,2061
103577,2069
453993,2080
126209,2082
2806,2105
90863,2109
140760,2114
103577,2122
452675,2139
47983,2182
112860,2195
280539,2202
295862,2262
295862,2264
3106,2269
182813,2292
182813,2295
122922,2312
211721,2330
2704,2331
211721,2332
211721,2334
211721,2335
166698,2362
2396,2395
420,2454
351667,2459
206072,2463
149191,2487
31562,2501
31562,2502
31562,2503
86347,2605
248126,2619
2643,2648
105625,2662
91663,2665
64750,2667
93369,2671
124949,2698
2704,2701
330892,2722
2704,2734
11716,2758
257071,2764
2806,2770
2794,2787
2794,2789
2794,2791
2396,2899
11716,2907
87631,2926
2980,2978
218406,3035
3106,3040
3167,3049
3169,3050
157890,3054
218406,3074
123720,3075
259027,3076
218406,3077
123720,3079
86336,3093
3292,3097
218406,3103
123720,3104
374509,3107
374509,3115
123720,3117
123720,3124
123720,3127
87250,3170
16302,3176
16302,3177
475520,3396
98462,3483
98462,3485
112399,3512
47814,3529
3601,3597
3601,3600
3601,3602
261382,3683
9309,3686
314917,3687
177062,3936
177062,3937
177062,3938
177062,3941
177062,3966
10893,3980
85960,4032
9518,4108
12141,4180
2602,4232
2602,4233
2602,4234
4246,4247
4246,4248
4246,4256
4246,4257
4246,4258
279836,4326
86029,4327
4438,4437
123289,4457
39460,4480
39460,4481
239968,4484
9735,4488
91660,4513
100286,4517
100286,4518
262011,4520
4563,4550
91698,4551
84923,4558
50457,4564
192492,4614
4563,4689
10517,4727
10517,4728
10517,4729
89188,4889
10721,4961
8783,4978
289531,4984
460334,5056
37261,5060
37261,5061
37261,5064
37261,5065
37261,5066
48194,5086
294834,5157
441439,5165
90863,5174
90863,5175
5202,5203
245129,5205
141084,5393
52789,5458
52789,5460
134011,5503
5547,5548
5547,5549
5547,5550
342009,5608
294834,5651
47627,5677
182617,5680
179244,5683
59586,5689
167691,5691
294834,5721
294834,5725
379920,5753
158391,5801
356437,5817
108693,5825
8819,5833
101246,5889
101246,5890
439053,5894
431417,5921
12075,6007
59567,6038
215456,6076
937,6081
103573,6279
9735,6466
167613,6477
286162,6499
332357,6519
374511,6593
52984,6637
43058,6878
340623,6917
126580,6933
107471,6935
102777,7006
321061,7010
9309,7085
109608,7092
109608,7131
133923,7219
33938,7227
13800,7249
8385,7294
387618,7295
257053,7340
257053,7341
119581,7347
123249,7392
52785,7451
66761,7484
7505,7504
7505,7509
96680,7516
93731,7553
5039,7555
17255,7737
98513,8007
8050,8009
8050,8010
8050,8011
91698,8012
256729,8016
9649,8068
144146,8072
8091,8077
8091,8078
240156,8211
8385,8214
387618,8224
2806,8273
298820,8274
298820,8275
298820,8277
86092,8328
74508,8329
389767,8346
8354,8355
476065,8357
25542,8359
8650,8373
87186,8374
87805,8393
261590,8408
256729,8429
312744,8445
96676,8456
8647,8460
96665,8467
118221,8491
118221,8494
8537,8536
59567,8584
94032,8587
123255,8617
135483,8681
93791,8699
8917,8766
8945,8810
170452,8831
86024,8835
19387,8836
8819,8839
169452,8840
223564,8843
112399,8845
105075,8850
422193,8851
8580,8856
94039,8868
8979,8872
8979,8873
86774,8880
86774,8881
462400,8909
10789,8913
86115,8920
94899,8922
152544,8923
14890,8961
100965,8965
33514,8966
96937,8968
166373,8975
251970,8982
166376,8997
8917,9003
76291,9010
9068,9011
17178,9012
108804,9017
53159,9021
264335,9030
9068,9033
86083,9037
9046,9048
9046,9050
269098,9056
115142,9059
208765,9063
8917,9064
208765,9065
224478,9066
286162,9070
9328,9073
9088,9084
9329,9086
122017,9102
232403,9252
52988,9255
221111,9257
48188,9264
115839,9266
3167,9273
330605,9277
307637,9279
96679,9285
8864,9286
106498,9288
9332,9290
9818,9312
94589,9316
94039,9318
23026,9323
97459,9325
89264,9326
86028,9327
192492,9331
116669,9334
9518,9335
9338,9336
165679,9337
1657,9342
9887,9348
10713,9349
72119,9354
8945,9355
9521,9356
8864,9358
105995,9360
91799,9362
9649,9367
94039,9369
475802,9372
425175,9373
232403,9379
166376,9383
94039,9385
43055,9387
87258,9392
212525,9394
9332,9396
352789,9398
269098,9404
436295,9408
162028,9409
109609,9426
115142,9431
142680,9437
9435,9447
9436,9456
205860,9460
122952,9463
86029,9471
409026,9474
133297,9478
86117,9486
86486,9488
9521,9494
9436,9495
9500,9496
165855,9497
77816,9502
215456,9511
86115,9513
9500,9514
98580,9529
8537,9531
8864,9532
9743,9533
110127,9535
88574,9538
476054,9542
14246,9545
12263,9552
45154,9556
2396,9564
287684,9565
117952,9568
133297,9572
86113,9592
52988,9595
9435,9598
44979,9600
338282,9605
43055,9610
9485,9615
43055,9626
86860,9637
47770,9638
114783,9641
94039,9642
232403,9657
8945,9659
1972,9666
93369,9669
9332,9671
93369,9674
124188,9682
126580,9694
937,9699
93369,9706
135502,9710
9887,9711
9888,9714
9735,9725
9735,9728
9735,9730
9735,9731
94032,9732
14890,9737
9744,9738
9743,9740
9500,9742
104833,9749
86092,9762
110177,9763
97771,9771
17368,9779
8918,9792
8918,9793
426985,9797
9485,9799
8936,9801
215606,9803
468222,9806
110177,9815
107469,9816
107469,9817
9818,9823
97768,9825
328073,9834
92012,9836
135502,9838
286006,9841
192492,9869
11794,9871
171439,9873
52760,9877
107674,9880
268098,9885
52985,9902
351886,9922
94039,9929
110127,9932
97771,9942
348843,9945
100970,9948
101385,9958
93791,9965
164395,9966
91657,9973
55428,9975
299748,9990
85817,9992
86224,10003
98513,10005
296872,10007
96472,10009
96472,10010
8581,10014
124951,10019
153010,10020
144689,10028
43220,10032
404111,10035
215606,10036
93220,10040
300431,10044
85946,10045
276838,10053
86486,10054
115838,10061
397842,10065
121195,10068
98430,10070
8581,10072
467577,10089
306063,10105
10893,10127
174245,10128
8581,10131
98853,10134
224976,10135
99727,10137
131292,10138
420,10140
33085,10144
423173,10147
439053,10149
96665,10152
9338,10157
8581,10160
124935,10163
43063,10167
176118,10172
17368,10188
89137,10191
2150,10192
10194,10193
131296,10195
256377,10208
10924,10213
43072,10214
9887,10216
105322,10222
9735,10225
34055,10228
104068,10239
104068,10241
109592,10246
192541,10257
238448,10260
184977,10275
9735,10281
9735,10283
9735,10285
52760,10292
86112,10294
89264,10303
10522,10304
10453,10306
14563,10320
86024,10327
86307,10328
261590,10331
97460,10340
109609,10344
88735,10345
135489,10351
52888,10353
11794,10361
10713,10366
133830,10372
8783,10380
264335,10389
95664,10402
74083,10408
10709,10414
43563,10426
256377,10437
168880,10438
76291,10469
9500,10470
43563,10471
169452,10473
124916,10481
268014,10482
86116,10483
232844,10488
8580,10495
381396,10496
10517,10516
14740,10527
102322,10528
136214,10530
97456,10545
9436,10546
116661,10547
159616,10557
246839,10560
74083,10570
277739,10575
119674,10576
115822,10577
115822,10578
115822,10579
167552,10580
10455,10585
9338,10587
8647,10594
126221,10603
145784,10606
176097,10611
10457,10617
10457,10618
10457,10619
10457,10620
99606,10625
43563,10634
166698,10640
374512,10643
147669,10645
10456,10648
10456,10649
10456,10650
10456,10651
74508,10664
33938,10671
52783,10673
87236,10674
91361,10676
86058,10677
312977,10679
10709,10680
143755,10692
55422,10693
10713,10704
10721,10706
228887,10708
155474,10711
86105,10726
135498,10730
12077,10748
95891,10751
269098,10753
146534,10762
645,10764
10919,10766
10919,10768
351721,10770
386818,10772
58588,10775
425175,10781
259401,10787
238419,10797
247294,10802
288280,10805
3169,10808
115225,10823
98580,10824
91799,10829
93568,10839
93568,10841
285130,10845
309259,10855
162028,10859
100965,10865
166378,10866
12087,10869
256377,10874
91799,10891
33085,10898
10789,10906
366826,10911
409026,10915
10441,10916
10441,10921
91427,10923
101471,10925
375886,10929
105764,10939
10441,10940
10441,10941
10441,10942
87253,10947
100970,10948
353325,10956
221537,10973
146136,10974
146136,10975
87255,10982
91361,10987
34055,10991
87014,10992
99727,10996
87220,11006
114783,11007
288280,11009
167985,11011
86860,11024
12263,11026
123251,11037
351721,11039
94039,11047
10964,11048
10964,11053
10964,11055
117927,11059
97771,11067
91799,11069
180854,11077
74083,11084
86341,11119
10522,11127
107674,11130
10453,11133
269098,11134
57971,11135
86334,11137
108693,11153
72119,11158
10964,11160
10709,11164
305360,11175
256377,11176
473850,11178
165679,11179
52835,11183
10455,11186
10455,11187
430186,11211
55419,11224
355490,11229
12203,11230
8580,11231
462565,11236
105995,11237
86027,11238
363966,11243
8917,11246
437451,11247
10455,11249
17235,11253
91361,11281
30663,11282
35792,11283
8581,11284
86307,11285
101688,11286
174218,11298
150156,11310
173344,11314
192532,11315
85960,11317
57971,11319
203910,11328
203910,11330
87536,11342
94899,11351
221966,11356
91361,11357
299748,11358
91361,11361
248339,11377
11118,11389
11118,11390
11118,11391
11118,11392
53159,11395
25410,11398
12077,11402
344936,11406
8537,11411
102782,11415
108693,11418
108693,11419
72119,11425
98036,11429
94032,11430
91361,11442
397842,11449
12087,11451
43220,11452
95664,11453
9743,11454
33071,11455
9735,11470
99635,11471
187736,11475
8647,11478
207447,11495
140910,11497
286935,11506
11716,11508
119050,11520
124935,11525
87214,11528
64750,11531
97461,11544
9338,11546
201576,11547
164397,11564
44979,11565
112636,11568
8917,11569
937,11573
11582,11578
12263,11586
12263,11587
261526,11590
93295,11595
8581,11596
143757,11601
286935,11602
296358,11612
94039,11625
11875,11626
107688,11630
458558,11631
87800,11633
269098,11636
176118,11637
58588,11647
207952,11663
261203,11667
124916,11674
91361,11675
52785,11679
261590,11683
239968,11684
52888,11687
178117,11688
36694,11690
141292,11704
326795,11752
280562,11795
98168,11797
376863,11798
118828,11802
102777,11804
168880,11806
134011,11808
19285,11811
123213,11815
173628,11822
43066,11824
9338,11825
141086,11827
275402,11836
1972,11838
108125,11841
937,11843
207952,11844
96871,11846
106498,11849
96871,11862
123724,11868
387219,11873
266731,11874
87253,11887
9338,11895
256377,11899
127280,11906
124901,11908
108502,11910
10517,11913
10517,11915
656,11917
10455,11932
87805,11937
321063,11940
187089,11945
187089,11946
101688,11950
123251,11955
86347,11966
9329,11967
174386,11968
11582,11972
104847,11977
217704,11979
9068,11980
9521,11982
12075,12076
86341,12088
105764,12089
17178,12094
10924,12095
130440,12096
11875,12097
86028,12107
9338,12118
11875,12127
12087,12129
195441,12139
23026,12140
149704,12142
19163,12144
107688,12154
261307,12155
12203,12207
645,12208
8050,12211
52760,12212
374384,12223
178654,12227
100693,12230
101688,12236
97237,12237
87236,12242
267922,12262
937,12268
86486,12279
96677,12289
466318,12309
87631,12310
2326,12437
1241,12444
1241,12445
97456,12448
175858,12476
98580,12485
377545,12496
91945,12500
10893,12525
266731,12529
9888,12536
430186,12540
374511,12561
11794,12583
476056,12593
135489,12594
8917,12597
34055,12599
34055,12600
224478,12606
190435,12613
110021,12625
374512,12636
110021,12639
119674,12662
207952,12664
149704,12683
97307,12685
33071,12695
272416,12697
8917,12699
12263,12700
10893,12702
87220,12705
148517,12716
148517,12717
384920,12721
46512,12764
102008,12795
241729,12819
13800,12889
44215,12914
44215,13001
479319,13015
96682,13016
114993,13017
261590,13025
286177,13054
159603,13058
436982,13127
315595,13179
96682,13180
159603,13185
52985,13186
56005,13190
123203,13204
87250,13205
9735,13207
19160,13225
322330,13246
13800,13253
140760,13274
434533,13282
411859,13284
411859,13285
279445,13293
153010,13313
30663,13335
113679,13348
195441,13358
8050,13360
464270,13363
95051,13365
282246,13378
242587,13382
9518,13387
394204,13396
124879,13409
178117,13417
463394,13430
115776,13448
115575,13475
116669,13486
109076,13489
86797,13491
105324,13515
86797,13522
108502,13541
259398,13552
374418,13559
248339,13564
47391,13567
33071,13612
209739,13632
85945,13635
479319,13643
133352,13648
87253,13649
100693,13654
148055,13655
170754,13665
259027,13666
363015,13675
33085,13676
338416,13679
106768,13683
66761,13690
43063,13721
260586,13734
136214,13761
53159,13767
98430,13797
9485,13804
123932,13812
135441,13861
59586,13888
192532,13899
137696,13931
14377,13939
168880,13955
89272,13965
87800,13981
386495,13984
25410,13988
140612,14003
126580,14021
98513,14028
430201,14029
48037,14035
48190,14052
261526,14053
91657,14059
14095,14087
14095,14088
23026,14092
353721,14114
55419,14128
12087,14136
12087,14140
228887,14144
151263,14154
17178,14158
44976,14194
85890,14207
85890,14208
124188,14212
254636,14240
14246,14245
14246,14247
123438,14277
230532,14306
58588,14310
45355,14348
14377,14373
12077,14387
20970,14394
70764,14400
87256,14405
374386,14433
264437,14435
57129,14444
529,14447
286038,14451
297371,14457
129293,14463
466318,14503
21624,14546
328372,14560
14563,14564
98435,14571
98435,14572
47814,14588
47814,14589
47814,14590
47814,14594
47814,14595
286904,14609
286904,14611
52749,14620
269190,14624
104833,14628
243738,14631
375228,14636
383632,14676
129453,14681
476056,14683
378268,14695
96661,14711
85890,14728
91657,14749
70068,14756
376970,14761
33071,14774
458017,14787
90348,14821
90348,14822
199141,14829
122017,14853
105995,14863
135468,14869
110179,14872
97459,14873
271668,14906
393564,14908
96937,14913
421904,14919
192174,14943
100415,14962
280562,15026
417491,15049
13800,15060
299748,15066
117777,15070
159613,15077
110179,15088
64751,15092
93731,15105
87220,15120
98430,15135
210303,15137
351230,15142
91588,15152
437451,15157
47770,15158
130440,15159
263193,15171
127280,15206
9887,15212
195646,15227
32135,15239
89188,15247
117777,15255
92222,15259
430186,15261
96937,15262
261203,15268
10441,15289
475511,15323
475511,15324
3167,15338
354210,15347
85946,15357
85945,15362
145901,15371
46512,15379
96677,15384
282246,15400
168182,15417
285879,15434
86553,15440
403603,15449
24761,15472
47983,15482
206921,15493
264339,15495
321063,15515
97461,15567
43066,15582
91588,15588
86334,15590
119050,15602
349889,15618
86112,15641
410261,15653
106768,15657
86346,15674
362554,15681
102008,15706
322330,15718
205672,15724
312735,15739
461937,15740
461937,15759
374509,15766
374512,15767
410261,15789
227147,15802
421904,15805
152544,15809
289288,15824
289288,15830
289288,15840
221544,15849
48655,15895
114993,15898
97237,15900
97237,15901
97237,15902
97237,15904
294519,15943
294519,15944
271668,15947
86027,15969
97156,15973
264317,15974
19163,15997
122952,15999
137913,16003
102019,16007
112537,16026
206449,16049
10441,16068
449750,16085
159600,16094
159600,16096
159600,16097
126166,16113
55419,16119
187734,16130
47770,16139
102019,16140
413731,16143
47770,16146
243598,16162
141086,16225
379475,16234
397842,16235
391040,16246
97919,16250
190435,16257
52749,16258
201061,16268
170416,16269
107725,16281
107725,16288
17178,16290
107725,16304
71458,16314
213697,16318
111751,16337
57129,16340
246839,16346
94589,16353
255702,16378
275873,16387
127280,16395
98853,16437
106000,16441
157626,16452
9436,16456
373918,16460
110179,16562
141084,16652
97156,16686
55422,16690
96887,16692
96887,16693
166378,16763
45355,16768
123203,16774
111751,16780
34055,16808
171439,16820
138968,16846
426370,16874
238419,16884
48190,16889
118474,16900
23616,16907
350836,16911
174386,16931
411859,16962
86024,16985
129453,17028
97768,17038
45355,17041
91427,17047
404770,17074
158376,17099
23497,17101
123724,17102
33059,17124
158376,17128
158376,17129
221622,17134
23497,17165
168182,17169
112537,17172
143588,17202
105629,17204
373538,17205
105629,17208
405393,17264
37261,17276
353708,17285
19163,17337
366826,17339
448468,17346
442352,17350
373538,17386
190435,17433
8917,17455
97307,17456
192541,17457
92222,17464
44976,17478
478628,17481
44724,17501
178106,17532
123717,17604
409138,17614
158643,17618
108043,17629
350402,17644
122945,17653
94035,17663
2366,17692
129407,17695
147220,17780
10919,17792
456980,17804
132877,17808
102128,17810
122945,17811
321063,17897
264481,17911
87228,17918
446015,17922
277739,17960
116847,17965
294468,17984
182923,17991
168186,17994
19285,18009
19285,18011
389867,18015
170452,18051
374386,18061
308645,18070
98168,18086
98036,18111
201778,18113
141448,18120
350836,18122
121195,18167
25542,18182
447622,18198
48188,18220
48188,18222
48188,18223
59007,18224
417064,18232
33514,18239
308645,18248
116847,18250
97460,18269
374511,18289
99635,18305
287016,18311
476063,18334
85943,18360
294918,18441
140758,18442
140758,18443
1657,18450
267922,18477
475520,18489
96850,18491
44913,18498
87214,18500
104847,18509
96887,18510
96887,18511
9328,18519
48190,18543
108502,18560
478947,18575
297371,18616
96887,18624
374509,18627
87232,18660
44917,18672
89959,18705
478628,18706
300431,18707
205459,18741
159613,18747
223564,18759
169740,18781
86119,18785
192167,18817
86780,18823
160952,18825
443996,18839
158373,18841
3169,18843
443996,18874
71458,18885
26863,18901
172000,18920
353754,18928
330555,18935
330555,18943
19160,18948
374509,18983
138965,18990
100992,18992
65249,18994
45154,18998
45154,19002
19163,19004
140910,19042
215326,19050
286006,19066
126166,19086
260586,19099
11140,19128
110177,19139
87228,19142
116661,19154
19163,19164
19163,19165
405256,19174
112537,19181
216395,19186
37261,19252
37261,19254
3169,19273
205459,19274
19285,19286
19285,19287
19285,19288
37261,19293
37261,19297
37261,19300
37261,19307
59007,19325
374509,19333
374509,19336
421084,19405
59009,19430
115164,19493
373918,19508
105995,19543
374509,19545
332357,19580
114431,19593
44722,19625
259256,19658
21624,19670
109592,19698
37261,19725
294468,19762
237445,19766
207447,19792
256548,19812
43220,19824
8864,19912
141282,19933
298778,19951
363966,19975
87096,19995
397382,20004
86334,20036
389978,20044
259363,20069
33071,20075
297299,20106
107546,20183
33071,20197
401655,20294
102019,20329
86066,20352
142022,20359
141282,20377
141282,20378
476054,20381
478628,20408
142021,20413
478628,20417
322650,20435
164395,20441
39244,20455
297252,20473
378268,20478
63043,20526
377545,20527
330555,20551
95051,20553
95051,20561
95051,20562
95051,20565
472781,20567
97919,20583
96679,20618
97919,20641
404111,20648
479319,20679
57129,20694
20725,20731
97445,20737
97445,20755
141292,20756
97461,20760
143766,20762
423877,20787
123249,20850
107462,20882
107462,20883
107462,20884
150954,20914
114488,20947
114488,20949
122776,20963
20970,20968
23453,20986
218293,20992
218293,20993
48190,21029
117693,21032
211075,21036
24726,21040
24726,21041
24726,21072
441439,21135
157671,21137
87214,21138
240690,21142
37261,21240
263193,21250
37261,21251
424830,21299
176097,21301
97461,21316
338416,21348
59007,21379
165369,21407
96887,21410
52835,21435
39199,21452
44722,21461
76291,21467
430186,21474
263106,21481
97445,21518
189159,21519
189159,21521
142022,21614
97919,21636
97445,21661
157626,21671
421904,21683
101676,21707
101676,21708
186102,21721
369380,21752
182371,21769
157890,21779
312735,21780
86553,21786
351228,21811
96850,21832
289531,21882
173344,21925
161766,21930
363014,21972
325798,22049
205977,22137
205977,22140
298187,22182
63170,22192
238448,22240
140126,22257
59007,22259
87232,22328
169329,22435
221539,22440
97919,22488
53154,22537
59235,22555
160468,22572
458017,22582
144200,22586
113589,22599
86860,22620
238448,22623
458095,22701
177467,22794
656,22804
87186,22821
210303,22843
290933,22855
161766,22899
37261,22937
220448,22965
147207,22974
222634,23023
313576,23048
424830,23069
438087,23101
124930,23104
123438,23116
23240,23150
23240,23151
23240,23153
23240,23154
23240,23155
23240,23166
23240,23167
123724,23220
354066,23280
179042,23289
158365,23336
415799,23338
167613,23398
8581,23437
23453,23452
215326,23479
179892,23483
396839,23504
429234,23508
432151,23521
164397,23535
104842,23626
210006,23631
63170,23654
369005,23676
167456,23728
257571,23730
122489,23767
52985,23823
41437,23827
251858,23832
55428,23903
109592,23919
137766,23943
113679,23951
261526,23964
142717,23985
142717,23986
394316,24020
33514,24021
24717,24023
24717,24024
24717,24025
24717,24026
221308,24032
135501,24038
174245,24047
108502,24057
19163,24102
87536,24126
167456,24130
98077,24140
126209,24150
150954,24161
378453,24200
286948,24230
297143,24236
24761,24253
252313,24257
194752,24259
89272,24266
88574,24331
173344,24348
421566,24382
39438,24402
86311,24428
96887,24444
168880,24476
168880,24477
19163,24554
19163,24556
37261,24568
37261,24569
37261,24570
37261,24571
123726,24580
480071,24631
112537,24646
112537,24647
476065,24654
264335,24674
106784,24686
458017,24696
24717,24712
24717,24713
425164,24752
25410,24756
478947,24769
103291,24789
112406,24791
97445,24794
315750,24830
212279,24831
91657,24833
395556,24837
14377,24873
405393,24883
324703,24889
136218,24924
136218,24925
101471,24929
101471,24935
101471,24939
105322,24993
186102,25005
124879,25006
111751,25018
43058,25059
36694,25087
17149,25114
38451,25148
138706,25155
479319,25160
479319,25161
181502,25164
94035,25180
97919,25182
135509,25188
296429,25239
369004,25251
306882,25361
98853,25391
192974,25423
157504,25473
315595,25475
272673,25508
246091,25516
91945,25528
171586,25536
300431,25539
19163,25556
19163,25587
244242,25602
41658,25606
91945,25678
91945,25682
91945,25684
192174,25716
141615,25741
251383,25745
115225,25748
115225,25749
115225,25750
115225,25751
115225,25752
115225,25753
115225,25754
25542,25778
25542,25786
129453,25833
114915,25834
201689,25843
117693,25913
327598,25934
122776,25936
34055,25961
456733,26005
185667,26028
87536,26042
170754,26044
59235,26114
298820,26123
460334,26181
37261,26190
108669,26200
263866,26230
251383,26235
14377,26263
126221,26264
434270,26268
123726,26278
41658,26285
37261,26329
126166,26340
435805,26357
330555,26386
211753,26398
314023,26452
101385,26461
123724,26480
338327,26483
338327,26484
223926,26497
85817,26505
123256,26515
363015,26539
263866,26554
417481,26566
427956,26573
275873,26581
363014,26655
1972,26693
373918,26728
413935,26736
100415,26743
376970,26769
93788,26809
473943,26830
65249,26845
134635,26847
309259,26877
338327,26879
114431,26881
114431,26883
123726,26912
123218,26914
141252,26945
161766,26947
107949,26953
107949,26954
107949,26956
107949,26957
107949,26958
107949,26959
107949,26960
107949,26961
264434,26962
319644,27010
169851,27042
107473,27046
397382,27076
211753,27085
478628,27117
478628,27118
397842,27214
138968,27296
166373,27310
203178,27318
203178,27320
46512,27352
294918,27370
338327,27376
256296,27414
221966,27472
138971,27475
48802,27503
425280,27548
106000,27549
101385,27561
126125,27578
280504,27582
211753,27591
312744,27598
343733,27599
343733,27600
32135,27601
425880,27621
136218,27646
107949,27651
8783,27653
416305,27712
138971,27764
138971,27767
168545,27769
168545,27770
168545,27771
91430,27793
104716,27813
104716,27815
104716,27816
10713,27847
87252,27850
33938,27932
259027,27970
3169,27996
281644,27997
164394,28031
201548,28039
38451,28044
108170,28067
108170,28071
254636,28090
129748,28118
373538,28148
256297,28153
256297,28155
32135,28165
32135,28169
39438,28209
104068,28213
48655,28218
101471,28260
144200,28302
227140,28324
227140,28325
374436,28406
259401,28421
259401,28423
259401,28425
259401,28426
272673,28436
263101,28460
10713,28510
413946,28538
227140,28574
180854,28597
180854,28601
44913,28605
425164,28609
135489,28635
123249,28656
33381,28668
123751,28670
146534,28677
227140,28682
207415,28697
327871,28733
123251,28737
201576,28739
123249,28746
135501,28751
123740,28801
39199,28808
327871,28855
147765,28904
413946,28912
351230,28920
220872,28938
211860,28994
135441,29021
319644,29054
319644,29055
122947,29064
126220,29095
63170,29224
297143,29228
109082,29229
221544,29239
221544,29242
221544,29243
391047,29251
117927,29293
413661,29328
416491,29361
261590,29426
208765,29445
286935,29455
89959,29484
33381,29487
33381,29490
96680,29564
101646,29670
33938,29723
321148,29742
123724,29748
123724,29778
174218,29794
384920,29801
143766,29812
33381,29829
284111,29903
284111,29904
366444,29912
154002,29920
462565,29941
242587,30059
113589,30091
145901,30143
246207,30146
333154,30149
110041,30155
99727,30178
104202,30245
59235,30347
187736,30366
122947,30379
9046,30421
111751,30497
179244,30502
276838,30554
201930,30566
263101,30575
314023,30577
479319,30649
44913,30654
96660,30655
96660,30656
138706,30666
333398,30780
221539,30793
456980,30801
429234,30913
429234,30914
88574,30921
98462,30972
97919,30975
123289,30997
84785,31022
59235,31046
59235,31047
145901,31051
131989,31060
131989,31061
205145,31131
183256,31132
303872,31203
85473,31217
429826,31245
48194,31264
138163,31273
108043,31292
160677,31297
160792,31329
104842,31341
141252,31347
115840,31359
102452,31372
102452,31374
102452,31378
473983,31402
473983,31408
257899,31443
123740,31472
8783,31473
221544,31498
158038,31506
473983,31534
33071,31609
372257,31638
212279,31646
297143,31654
86668,31723
135441,31804
135441,31805
135441,31812
19163,31933
135498,31947
123740,31952
135441,31980
221539,32023
153948,32049
405256,32100
37261,32105
37261,32109
37261,32113
281882,32213
131780,32237
1972,32250
425880,32293
71458,32302
243738,32523
434270,32620
12087,32643
146532,32654
179919,32657
359005,32669
330555,32685
380006,32688
255702,32694
246091,32740
278467,32761
278467,32764
87251,32790
368982,32834
124930,32862
351228,32888
131989,32926
10721,33005
123724,33020
123218,33061
122123,33065
446792,33108
2704,33201
86110,33217
124950,33258
190435,33274
133891,33301
133891,33303
88574,33305
385719,33338
427113,33371
38451,33386
38451,33387
413661,33388
413661,33389
38451,33390
38451,33391
413661,33392
38451,33393
413661,33394
38451,33395
133676,33407
478628,33419
478628,33421
168618,33501
124934,33518
397842,33519
122123,33534
259398,33560
167691,33583
214702,33604
24761,33613
331475,33660
52835,33701
38451,33708
242587,33719
264335,33723
458813,33733
208602,33740
108669,33787
363966,33838
34055,33875
52783,33909
421566,33954
377545,34019
34055,34065
34055,34067
356437,34070
90348,34075
135441,34082
103291,34125
161766,34131
422361,34134
479319,34163
199141,34194
87252,34204
87252,34205
330555,34300
47391,34311
47391,34312
166379,34314
191023,34326
478628,34327
124951,34376
89188,34388
425164,34433
123724,34479
87258,34480
479319,34506
479319,34509
479319,34512
479319,34513
376128,34527
85473,34528
85473,34530
87252,34560
91430,34584
369380,34588
257378,34598
330555,34600
91430,34636
361140,34683
143757,34734
14377,34746
321148,34765
321148,34766
201061,34812
399,34851
133891,34905
199141,34935
117693,34942
35792,35019
457550,35022
145553,35105
181496,35115
383632,35200
164394,35203
63170,35343
122776,35428
96666,35435
145784,35610
47391,35626
245321,35639
123724,35669
338282,35683
143588,35688
163798,35701
284346,35752
306882,35780
17255,35791
174218,35945
123256,35977
243738,36046
476063,36073
53043,36096
198987,36161
198987,36162
198987,36163
171732,36212
171732,36214
34055,36218
192532,36222
385720,36223
84785,36228
421566,36236
374512,36243
445332,36244
171732,36247
206449,36323
142182,36325
174218,36421
153948,36555
645,36557
124492,36571
124492,36572
124492,36573
937,36576
735,36586
37139,36593
123255,36599
138163,36627
645,36643
113635,36645
735,36647
735,36648
748,36657
748,36658
748,36668
645,36669
645,36670
374511,36679
17149,36683
281644,36685
36694,36692
36694,36693
265865,36696
165778,36699
142717,36702
157671,36724
148324,36764
148324,36765
148324,36766
148324,36767
148324,36768
148324,36769
148324,36771
157890,36775
47983,36779
84923,36877
84923,36878
304809,36885
304809,36886
304809,36887
304809,36888
47983,36896
34055,36897
330605,36912
1972,36917
257899,36996
165743,37021
165743,37024
184977,37030
184977,37032
190135,37047
263101,37100
106768,37135
37139,37136
37139,37137
96671,37169
201778,37190
89188,37237
109082,37302
199629,37404
378453,37410
25542,37453
70068,37472
117952,37526
9068,37529
102782,37530
104068,37563
12077,37565
108170,37601
425880,37609
283733,37653
106790,37656
33059,37708
645,37724
63170,37727
63170,37728
63170,37730
63170,37731
41658,37769
41658,37770
50457,37786
284024,37835
106790,37851
398740,37853
437439,37963
101646,37988
11582,37991
473847,38015
102782,38084
123213,38125
123213,38126
221308,38147
221308,38148
385721,38155
135489,38157
113589,38183
113589,38185
113589,38187
113589,38189
113589,38190
117777,38234
349889,38237
394258,38269
90031,38273
458095,38281
444275,38289
376567,38310
41083,38313
41083,38315
23170,38318
44979,38322
415054,38332
8650,38356
177675,38358
180546,38365
38451,38453
38451,38454
38451,38455
413661,38456
413661,38457
413661,38458
413661,38459
413661,38460
413661,38461
413661,38462
413661,38463
413661,38464
413661,38465
413661,38467
413661,38468
413661,38469
413661,38470
413661,38471
413661,38472
174218,38499
174218,38500
259085,38543
374509,38582
425189,38594
206857,38614
108502,38626
65249,38661
101385,38674
14890,38700
463959,38757
89959,38774
283417,38780
188458,38783
424830,38802
109082,38828
183256,38872
115142,38939
269098,38955
105322,39027
138965,39044
34055,39057
460357,39060
425164,39100
425164,39101
425164,39102
425164,39103
425164,39104
425164,39105
425164,39106
425164,39107
425164,39108
437439,39111
338327,39113
17149,39123
330555,39128
330555,39129
386410,39144
386410,39145
386410,39148
143302,39229
143302,39230
374511,39256
138965,39262
138965,39263
374509,39264
449750,39282
256484,39283
295777,39312
425189,39323
425189,39324
8819,39345
8819,39346
441061,39371
115840,39385
221537,39408
171732,39410
39438,39412
242765,39448
51509,39451
374509,39462
374509,39464
374511,39465
374511,39466
374512,39468
374512,39469
163902,39514
87014,39691
140126,39788
384040,39829
103190,39872
264437,39874
159340,39907
355490,39927
123255,39929
143755,39930
449462,39939
19163,39961
227140,39965
225961,40016
382113,40039
382113,40040
65249,40044
65249,40045
48194,40075
110179,40080
129407,40120
220441,40127
65249,40214
242587,40246
168186,40251
168186,40252
131780,40254
278920,40264
430201,40342
227140,40348
138974,40446
349889,40487
71458,40508
351667,40585
96887,40644
264434,40649
105322,40661
225543,40663
165778,40709
94035,40724
340623,40729
308465,40732
47627,40740
442237,40741
129626,40748
138974,40760
221537,40761
48037,40771
48037,40772
48037,40773
124934,40800
48829,40810
48829,40812
123218,40819
96887,40897
39438,40978
422193,40983
441439,41050
371950,41070
44724,41109
463068,41142
86055,41154
86092,41233
115142,41235
285249,41241
99635,41244
288882,41289
145553,41365
182923,41428
41437,41436
656,41439
2602,41446
102128,41471
153629,41472
102128,41474
102128,41477
102128,41482
102128,41486
23456,41498
134897,41513
88735,41586
206559,41592
266731,41608
41658,41663
41658,41664
41658,41665
41658,41668
41658,41669
397842,41671
123255,41769
123255,41828
397842,41848
296358,41897
87631,41946
416491,41955
416491,41957
120417,41979
189157,41993
384920,42012
454520,42137
389867,42185
389867,42187
294172,42194
458017,42246
395466,42323
46082,42342
159600,42354
413937,42390
458697,42450
201930,42466
375886,42476
308465,42488
361007,42498
303969,42506
158038,42512
375886,42532
121067,42552
96887,42601
53043,42606
185667,42632
134635,42673
261057,42695
256296,42709
431417,42792
156152,42818
372479,42832
91660,42941
85817,42949
141748,42979
145494,43018
266846,43071
2980,43074
145494,43096
426985,43118
156152,43146
135495,43149
280539,43177
360344,43205
94589,43209
394258,43241
59235,43263
366444,43332
53043,43337
135508,43388
280539,43398
110021,43417
107473,43430
321063,43464
47630,43551
104830,43593
178654,43643
256953,43646
256953,43648
256953,43649
211753,43716
156152,43873
124901,43919
306926,43933
219691,43947
458017,43956
354164,43967
97768,44037
47630,44173
181502,44191
1972,44203
148055,44244
425164,44251
41658,44268
53043,44296
478628,44383
424830,44415
256433,44425
91813,44450
194752,44539
194752,44674
315595,44683
190135,44685
158373,44687
240690,44695
96666,44734
259256,44749
251117,44789
157671,44848
438087,44875
44913,44909
264914,44951
44976,44977
21624,44978
421566,45099
290933,45162
353754,45211
227140,45233
86119,45243
297252,45249
385528,45284
206072,45303
259027,45322
395591,45491
118828,45662
261057,45690
426370,45715
238419,45783
433061,45839
188458,45875
406817,45878
265782,45882
361007,45940
276838,45964
457550,45965
441461,45990
188138,46001
370374,46020
263106,46169
229932,46195
206449,46314
105324,46441
468039,46513
124426,46523
293196,46572
441443,46594
203029,46695
53043,46780
53043,46781
53043,46784
53043,46787
146042,46809
109076,46812
937,46828
264914,46849
321061,46971
324149,47104
34055,47292
334563,47313
151861,47350
88735,47354
48655,47360
48655,47363
47400,47401
47400,47404
167691,47406
448468,47491
86860,47533
47627,47628
47629,47631
192175,47647
23240,47747
106784,47812
354066,47882
354066,47883
354066,47884
119581,47931
304378,47933
1570,47964
52785,47971
45355,48132
48194,48193
201548,48300
108125,48301
412736,48395
150967,48415
2150,48466
222639,48492
277798,48635
173628,48636
160677,48707
441682,48748
131992,48763
441061,48805
469648,48844
155408,48943
108043,48995
87118,49013
228446,49018
263,49026
228335,49028
31562,49040
121938,49051
98462,49183
251858,49321
77816,49444
174407,49478
464577,49519
209131,49521
239595,49522
748,49538
415054,49574
348843,49597
256297,49684
97919,49857
55427,49948
166844,49953
324149,49964
474013,50025
133891,50076
34055,50087
32153,50126
94050,50166
331475,50241
109079,50253
174245,50291
134633,50332
105322,50346
478628,50401
374663,50506
87805,50507
478628,50553
108125,50571
33514,50619
33514,50620
254636,50687
135466,50698
47627,50699
181496,50717
256296,50719
95051,50754
188138,50758
23170,50797
168618,51138
66761,51170
315054,51273
264335,51322
46082,51411
472781,51429
368982,51438
333000,51450
99606,51481
9485,51497
280588,51540
86116,51620
404136,51649
151861,51765
148614,51786
134633,51836
237444,51848
95051,51863
216395,51881
421566,51912
113589,51939
140910,51985
473843,52015
103291,52017
103291,52021
103291,52022
182923,52034
188138,52113
188138,52238
397842,52263
129293,52297
264481,52454
211860,52485
2326,52520
161766,52728
351231,52736
94050,52761
100992,52827
385250,52854
102782,52868
191023,52874
188138,52913
188138,52914
321065,52916
122123,52939
112369,52947
191023,52979
191023,52980
354210,53031
122780,53086
93446,53129
257571,53150
215452,53174
125570,53182
188138,53342
386495,53358
338327,53617
180498,53693
115142,53868
248126,54107
131780,54111
144200,54113
115575,54138
201548,54178
104769,54257
96887,54265
96887,54266
96887,54272
96887,54273
96887,54274
96887,54275
96887,54276
96887,54277
96887,54278
96887,54279
96887,54280
96887,54281
96887,54283
96887,54284
96682,54293
393564,54297
96887,54306
96887,54307
308153,54396
438087,54430
221111,54445
87256,54540
86066,54551
137766,54768
143766,54782
56005,55215
148324,55254
167613,55301
102940,55426
102940,55430
102940,55431
102940,55435
102940,55437
102940,55438
30663,55465
126580,55470
148324,55558
413663,55603
97156,55612
256484,55667
158643,55723
148320,55754
148320,55756
148320,55759
148320,55761
270156,55762
148320,55763
148324,55776
8864,55779
65249,55872
65249,55873
114915,55952
421566,55960
343477,56014
421566,56068
140126,56078
421566,56122
86668,56272
188202,56287
86486,56288
87359,56292
239011,56329
188197,56339
106011,56372
188202,56402
473730,56431
65906,56500
188534,56508
188534,56511
188534,56512
188534,56515
188534,56516
106011,56525
421566,56544
107462,56549
93287,56589
52888,56715
385712,56763
166381,56780
99321,56832
198697,56909
421566,56920
86553,56937
135014,56991
87255,57089
121938,57158
86780,57165
294918,57313
70764,57331
288235,57353
104769,57548
114915,57597
107462,57779
8354,57800
107465,57809
479319,57837
107467,57889
188202,57991
421566,57996
421566,58007
261240,58018
142015,58051
283775,58061
421566,58074
230161,58151
445049,58188
259363,58219
86117,58233
461937,58242
156240,58311
341455,58333
421566,58404
2704,58427
2704,58430
2704,58433
115839,58443
343477,58444
102322,58574
393379,58595
124881,58625
326849,58664
421566,58701
317299,58704
421605,58757
461755,58764
14246,58767
303969,58897
444665,59040
132203,59060
123932,59115
2248,59117
59235,59238
93446,59529
89959,59566
89959,59581
89959,59584
89959,59589
220448,59701
220448,59706
145901,59719
256296,59762
195071,59803
179892,59859
444377,60038
421566,60061
161766,60160
286948,60173
215293,60175
369004,60181
107478,60189
123289,60190
421566,60193
266846,60213
266846,60221
456734,60278
266846,60290
458017,60293
86110,60307
3963,60670
3963,60672
349336,60800
87251,60821
473502,60843
363066,60898
479888,60935
97462,60964
87251,61005
64748,61012
39438,61108
351231,61117
101646,61123
101646,61125
107461,61139
362722,61313
362722,61320
253537,61410
281097,61546
185667,61708
416305,61716
324371,61755
173710,61791
188133,61852
280539,61855
280539,61856
188138,61925
164397,61954
141649,61979
421566,62034
380170,62071
137696,62211
107461,62276
314042,62385
394316,62527
188138,62715
188138,62725
107478,62731
107478,62732
107467,62737
107467,62738
343944,62756
201545,62762
288491,62837
256374,62852
148324,62894
148324,62896
148324,62897
148324,62898
148324,62900
96661,62931
279836,63065
286948,63105
421566,63178
421566,63179
473730,63260
168949,63348
120447,63536
120447,63537
120447,63538
309300,63578
144689,63710
159616,63943
421566,64043
90031,64075
90031,64076
90031,64077
90031,64078
382238,64160
382238,64161
216395,64183
379475,64202
197065,64266
438282,64325
256377,64328
123717,64428
473977,64468
119234,64576
393290,64650
119234,64651
212562,64688
119237,64876
191023,64912
334486,64931
106368,64961
315560,65086
115164,65310
53043,65421
380822,65448
380822,65452
256484,65460
318037,65497
120417,65591
120417,65594
464784,65703
92012,65759
17178,65851
425189,65973
12203,66018
109079,66105
389544,66129
380170,66160
421566,66177
385639,66209
215326,66946
395591,67308
155421,67342
155421,67343
161314,67390
151861,67636
239430,67660
397341,67793
260520,67952
142021,68029
224011,68143
175858,68163
192486,68242
192486,68337
192486,68339
192486,68340
444485,68555
148603,68637
131292,68721
363369,68726
298162,69097
324371,69152
91697,69315
445118,69569
289763,69599
239011,69619
69788,69787
279959,69798
96676,70006
446792,70061
479319,70086
69788,70133
131635,70160
297252,70172
415931,70313
161766,70322
161766,70327
47391,70553
378025,70555
115225,70575
8917,70584
91657,70587
286951,70590
304809,70609
224011,70702
199629,70811
135416,70981
256296,70984
378025,71041
421566,71133
103190,71138
218104,71200
321065,71206
256746,71392
166018,71444
166018,71449
155093,71461
2806,71552
104830,71668
86578,71670
52985,71672
90306,71676
17255,71679
129453,71744
151861,71982
421566,71995
321065,72032
216435,72054
155093,72094
266672,72105
416468,72190
158814,72203
230532,72391
157504,72455
72547,72545
135468,72559
41437,72571
267308,72720
142686,72811
347544,72857
386549,72914
458017,72972
260601,73358
174995,73517
122661,73529
122661,73530
360342,73551
120927,73884
385719,73897
437451,74018
160401,74035
362047,74097
99321,74135
421566,74384
476961,74387
69788,74405
294226,74471
294187,74523
306937,74534
86224,74545
137913,74626
324703,74639
208602,74719
402380,74919
96671,74997
75014,75015
69788,75133
69788,75134
69788,75136
69788,75137
69788,75138
69788,75140
69788,75142
69788,75143
315595,75258
421566,75532
439409,75555
174218,75623
210303,75629
69788,75634
382685,75656
256477,75744
429409,75745
403374,75780
199629,75822
199629,75826
199629,75834
427944,75848
147669,75897
220872,75969
360346,76081
360344,76084
126125,76163
453993,76170
166379,76171
179919,76285
131296,76338
8945,76341
185103,76492
256287,76589
87096,76600
111751,76617
419784,76684
257071,76784
389978,76940
285428,77051
427956,77076
386818,77079
113679,77269
219363,77294
158814,77304
174245,77348
208602,77448
219363,77759
219363,77762
303969,77771
133887,77787
328247,77930
134897,77931
331475,77946
91657,78047
116669,78049
168880,78080
223926,78124
240690,78140
152918,78359
277630,78375
470274,78402
180142,78492
158365,79090
459434,79106
393126,79221
435805,79466
294172,79516
369005,79591
400500,79701
128123,79722
124426,79723
174995,79909
141448,80105
101646,80256
74508,80280
477050,80314
14740,80321
421566,80374
278920,80384
122922,80410
140612,80518
44215,80527
432151,80607
259411,81086
174245,81244
174245,81246
97919,81450
129748,81684
209739,81895
129293,81976
398758,81996
441443,82088
122778,82237
165743,82386
347544,82406
112537,82447
108043,82450
357173,82507
135509,82545
86110,82650
135483,82675
404825,82690
89137,82702
463959,82881
41437,82990
9485,82992
109079,83088
109079,83090
109079,83091
393290,83122
393290,83124
393290,83136
393290,83140
122776,83456
294918,83473
473983,83651
105629,83660
324149,83761
258372,83865
240690,83980
264434,84152
138908,84165
142182,84177
207621,84348
222634,84575
198921,84774
203029,84951
150967,85038
142015,85052
395433,85231
395433,85232
107465,85317
123640,85339
123640,85341
139394,85349
206559,85373
466004,85435
86092,85446
441443,85715
129293,85766
327598,86040
158365,86082
158365,86084
329220,86190
205145,86337
86414,86416
166381,86821
115840,86868
528,87101
97919,87311
2794,87421
207632,87436
134063,87636
201932,87788
281097,87881
34055,88557
72547,88751
415931,89145
297501,89247
117354,89458
415931,89645
414000,89825
311102,89877
435108,90460
435108,90461
435108,90465
413663,90955
413663,90956
19262,91198
8650,91314
422361,91342
122938,91548
228446,91586
189295,91893
109044,92011
189295,92332
154002,92647
303969,93164
118657,93230
93287,93289
86066,93456
93446,94052
257960,94329
165131,94336
142680,94348
391739,94352
96671,94365
261286,94380
45355,95511
8936,95610
362047,96105
5547,97020
97237,97251
415931,97353
334356,97430
313234,98344
98448,98438
98448,98439
98448,98440
401562,98566
146136,98567
320064,98596
119240,99099
162782,99247
330524,99361
320064,99760
2396,99770
86311,99861
96665,100042
108804,100183
131295,100402
19262,100450
476071,100493
118657,100973
131635,101299
104774,101538
325798,101652
180019,101660
101646,102234
125574,102382
422834,102899
312882,103122
243811,103686
463068,103751
181502,104413
385650,104606
105075,105073
91697,105077
385717,105210
114374,105231
255478,105528
189157,105680
87256,105965
445118,106622
445118,106623
210006,106747
286948,107096
418219,107916
415931,107966
460292,108266
460292,108267
459434,108432
69788,108794
114374,109080
180546,109418
86119,109439
93791,109443
386382,109445
177467,109451
145901,109572
141649,109689
401261,109907
167716,110115
59235,110148
356437,110390
251970,110552
138968,110588
292068,111440
183680,111480
112406,111913
427944,112058
158365,112912
118415,113082
458095,113154
175763,113209
175763,113210
175763,113215
175763,113219
188577,113332
435805,113582
166844,113594
306031,114150
114374,114370
114374,114371
114374,114372
167716,114444
10522,114478
34055,115223
59586,115290
297142,115547
415931,115706
427397,115873
415931,116160
95051,116167
122489,116185
415931,116190
469613,116312
386410,116776
264338,117258
386534,117263
409138,117629
244500,117691
284433,118340
23616,118406
118415,118412
251117,118439
118657,118513
153636,118751
173710,119450
392206,119892
25542,119893
252338,120143
412300,120386
425189,120475
161373,121823
385528,121828
145784,122293
10713,122857
121938,122917
248534,123025
211075,123867
132877,124471
435347,125271
160792,125395
201873,125504
52985,125509
145553,125510
145553,125513
145553,125521
135416,126889
425164,126963
309259,127329
137697,127380
247028,127533
286936,127544
748,127585
264339,128841
280539,128854
367092,129237
175722,129417
314042,129689
243811,129734
140059,129745
267551,129830
131635,131631
131635,131634
123800,132344
205029,132601
352020,132759
133352,133121
333154,133459
306063,133558
98180,133716
24717,133879
134063,134053
135466,134366
166381,134371
9888,134375
165369,134597
224026,134632
416305,134756
187734,135307
97768,135309
328,135397
24717,135659
106498,135858
24717,136071
263866,136585
192492,137094
325470,137106
134897,137116
463398,137400
404302,137409
237444,137475
374384,137533
137804,137801
126125,138103
24717,138115
24717,138118
436483,138372
101646,138705
297923,138832
313086,138843
251937,139038
324458,139367
297299,139374
239595,139380
256296,139455
107949,139659
140059,140054
180019,140161
77816,140300
301508,140441
479971,140485
10,140607
468551,141052
362047,141055
282117,141063
144200,141102
24717,141267
141615,141614
248534,142061
469648,142308
118415,144288
415931,144852
256377,145220
306926,145221
146042,146030
146042,146045
39438,146047
177675,146203
163902,146216
41437,146301
243598,146304
45355,147276
256433,147405
148315,148314
175722,148536
161373,149085
324475,149763
395433,149793
91657,149910
98180,149957
385639,149961
284700,150010
169740,150202
101646,150208
34055,150213
243811,150897
473185,151933
270252,151960
212166,152042
212166,152044
259308,152100
415695,152625
152918,152912
123203,154207
342577,154441
154752,154501
154752,154727
154752,154738
122123,154922
452942,155017
164072,156388
164072,156389
415931,156603
86116,156717
337957,157293
283579,157350
201576,157424
446782,157829
256322,158015
298778,158519
437584,158848
207621,159117
160677,159403
162782,159447
173738,159704
185103,159824
158365,159849
393326,160162
452942,160399
188197,161545
185627,162006
158365,162865
374930,164372
108804,164377
245129,164753
245198,164990
245198,165432
295,166426
224026,166747
415931,166904
10455,167032
224026,167313
124901,167575
224026,167666
245326,168056
245326,168057
9485,168259
376650,168530
97307,168705
94039,170522
456576,170657
215452,170759
393326,171346
166373,171581
229932,172385
232844,172386
256477,172817
17255,173897
415931,174195
225543,174322
315595,175112
304025,175774
23456,176983
415931,177234
386162,177271
87359,177677
408196,177888
415931,178569
413935,178682
315091,179690
257960,180299
429232,180371
415931,180819
424202,180863
244242,180894
85943,181533
200641,182030
330075,182131
377491,182219
152544,182873
415931,182950
256287,183011
188577,183073
239430,184098
415931,184328
251937,184345
456580,185110
415931,185273
415931,185289
74508,185341
415931,186268
415931,186775
212562,187017
415931,187516
376527,188357
225961,188489
115575,188927
386491,191975
415931,192371
282971,192558
454520,192577
224026,192911
415931,193435
415931,193439
415931,193459
415931,193460
393328,193502
379897,193603
207632,193726
195071,195065
221622,195269
303969,195522
400700,195589
269190,195757
319850,196024
154002,196032
447622,196254
196753,196750
197476,197467
197476,197481
347469,198436
295130,198663
114916,198951
151149,199374
268098,199534
479549,199661
362878,199687
458017,199753
166381,199933
253537,200580
201260,200645
201260,201018
385863,201386
160677,201414
343297,201676
455278,203217
397842,203835
426761,204342
358930,204349
246091,204435
25542,204582
455123,204668
9088,204712
425881,204912
286023,205321
360342,206145
239766,206408
645,206647
206786,206789
273099,207323
449530,207454
336557,207475
263866,207680
391860,207703
219691,207768
115776,207932
17178,208134
33878,208478
428046,208763
212123,209049
209131,209112
340633,209232
86066,211672
212123,211711
529,211798
23240,212156
212166,212162
196753,212168
224026,212470
401270,212996
295852,213755
294187,213927
251383,214264
294226,214464
230161,214597
266672,214756
397848,215405
303969,215407
344830,216015
397842,216016
416942,216983
222639,217923
256287,217993
270252,218836
269098,219572
464374,220436
98180,220504
419784,220714
247028,221731
247028,221732
353792,221791
385709,222832
296872,226140
280588,227159
224026,227257
41437,227348
241729,227425
34055,227679
288491,227735
464308,227783
455278,227932
275402,228165
403001,228202
292068,228358
315944,228432
245326,229007
393744,229974
415931,230182
442195,231001
467577,231082
418326,231617
245326,231811
245326,231812
344555,233063
360112,233487
334414,233639
293981,236399
237444,236417
388180,236737
415699,237672
256322,238636
298162,238869
196753,240341
261307,241259
286038,241842
145901,241868
418219,241968
279959,242022
309300,242088
426103,242512
86092,243683
313576,243938
404609,245891
283733,246320
264481,246594
748,246655
315054,248223
286023,248504
52888,248705
107465,248747
207632,248781
390096,249070
258664,249397
409343,249660
283417,250388
402074,250546
258372,250895
334996,251519
106784,252034
122922,252360
478545,252385
258506,252520
415931,252916
122776,253192
435347,253232
192174,253451
319850,254201
306031,254470
397598,254736
2248,254869
261286,255268
255478,255476
311102,255746
350309,256040
328372,256961
131989,257343
101385,257451
464125,257932
241729,258096
259085,258251
167613,258509
52985,259072
166378,259074
1972,259233
435259,259316
293196,259634
313086,259693
98513,260063
260601,260202
224026,260234
265865,260310
260601,260339
135483,260346
87118,260514
435347,261538
324703,262137
467457,262227
283579,262500
283579,262504
331841,262551
47770,262848
453993,263115
290973,263341
55428,263945
264317,264085
295274,264264
328247,264999
148065,265712
315944,267048
38451,267333
38451,267336
293981,267793
207621,267806
386534,267860
295777,267872
306937,268238
87800,269650
279715,270045
279715,270047
212123,270842
14740,270946
131295,271110
456778,272878
288235,273621
17178,273641
473971,274167
442338,274415
446782,275060
446782,276401
466463,277217
303872,277368
76291,277967
8354,278154
279244,278468
474022,278475
279244,278604
280504,278924
304025,279229
196753,279254
228446,280092
173710,281338
25542,281506
385386,282069
385386,282070
401261,282346
357173,283445
378453,283536
284433,283995
131296,284053
475520,284246
448758,284279
370374,284711
285564,285423
286951,285803
294172,286548
458017,287233
251383,287281
109079,287590
9518,287948
315560,288158
326849,289239
307637,289728
315609,290043
393379,290595
224026,290727
14246,290729
473847,290865
386549,291155
382685,291805
374930,292014
343297,292177
402457,292893
478328,293572
448150,293660
407273,293771
429231,294161
295130,294254
391047,294544
439596,294562
473840,294682
306063,294690
239595,295049
295274,295273
370411,295830
168880,295887
108693,296099
315595,297270
116669,297291
474015,297298
256287,297556
468552,297762
400412,299579
386162,300424
111751,300665
169452,300803
312977,302349
345865,302508
389767,302688
441179,303457
101385,303742
425164,303857
34055,303903
105322,308529
401562,308531
418326,308686
473845,309028
452146,309049
336557,309063
261286,309887
441682,310602
1575,312221
107465,313556
347469,314285
376970,314407
122123,314946
315091,314952
279715,315360
279715,315362
279715,315367
256322,316727
480160,317121
23616,317442
253537,317953
437608,319341
363092,321068
334356,321494
334996,321528
386162,322456
376650,323675
404609,324552
31562,324668
325470,324849
86066,324852
224026,324963
400700,325133
408196,325189
386382,326359
176097,326423
356688,327418
352020,327982
427084,328111
334486,328716
364344,328848
344555,329263
166373,329540
352789,329833
364342,330161
10,330459
286023,331446
436982,331576
331841,331836
474012,332788
293981,333658
455123,334304
196753,334376
471435,335462
397842,335753
426103,335796
353325,335970
8650,335988
473840,336026
341455,336211
97768,336560
371950,336884
476961,336890
9485,337339
425435,337550
25542,338100
338313,338312
418326,338485
423173,338964
19163,339526
91799,339530
370411,340382
344830,341174
356688,342917
403374,343611
402457,343972
458017,343977
370374,344147
358930,345468
2326,346672
363092,347096
409343,347126
23616,347201
330075,347413
179244,347689
8917,348191
388180,348537
364342,348631
319850,348668
117777,348893
343297,349158
382402,349176
350309,350312
34055,350499
64750,351211
221622,351901
386162,353595
375228,353610
306031,353616
418326,355730
479692,356149
390774,356216
219691,357096
374202,357786
363918,359413
94032,359983
224026,360404
401261,361131
418326,361261
59235,361263
364344,361751
427627,361758
374930,362058
374202,362584
374202,362585
393328,363354
324909,363607
427627,363611
336557,363844
70068,365222
440769,366143
461755,366249
433140,366499
451539,366630
334996,366924
380160,367596
389544,369776
258372,370545
363092,370687
466388,371153
364344,371181
23456,374205
129748,374251
401119,374739
442352,375798
427627,376538
427627,376543
427627,376548
427627,376553
403161,376599
122776,376716
285564,378385
466894,379291
418326,379992
196753,381519
451539,381615
402380,382155
206559,382399
66761,382517
224026,382581
397444,383121
478244,384641
363092,388191
424842,389396
245326,389614
140760,390734
286023,390989
96676,391757
142015,391779
439596,391975
364344,392629
283417,395925
386162,396330
25542,400045
133352,400136
407273,400605
434533,401544
477208,401650
363092,401689
431791,402223
412680,402331
246839,402543
86066,403052
479692,404461
326849,406052
418326,407171
14246,407375
437451,407655
466894,408647
397842,410537
473843,410988
356688,411802
144689,412519
466004,413391
472917,413441
38451,413669
224026,413736
418326,414762
364342,414767
424842,414937
113589,417004
466463,417320
417491,417489
448758,417503
86110,417830
463112,422842
402380,425961
309300,426264
436483,426580
107465,430413
166373,445993
224026,447113
169452,451644
424842,452142
477208,460135
221111,461053
